Project,Experiment Date,Plate SN,DIV,Well,Treatment,Size,Dose ,Units
WTmir128,20150513,13030,3,A1,mir128,,MOI5,
WTmir128,20150513,13030,3,A2,mir128,,MOI5,
WTmir128,20150513,13030,3,A3,control,,MOI5,
WTmir128,20150513,13030,3,A4,control,,MOI5,
WTmir128,20150513,13030,3,B1,mir128,,MOI5,
WTmir128,20150513,13030,3,B2,mir128,,MOI5,
WTmir128,20150513,13030,3,B3,control,,MOI5,
WTmir128,20150513,13030,3,B4,control,,MOI5,
WTmir128,20150513,13030,3,C1,mir128,,MOI5,
WTmir128,20150513,13030,3,C2,mir128,,MOI5,
WTmir128,20150513,13030,3,C3,control,,MOI5,
WTmir128,20150513,13030,3,C4,control,,MOI5,
